{"cameraMode":{"drawMode":0,"name":"Shaded","section":"Shading Mode"},"sceneLighting":false,"audioPlay":false,"sceneViewState":{"showFog":true,"showMaterialUpdate":false,"showSkybox":true,"showFlares":true,"showImageEffects":true,"showParticleSystems":true},"in2DMode":false,"pivot":{"x":7.450580596923828e-9,"y":0.15148776769638062,"z":-0.0015900880098342896},"rotation":{"x":0.02023223042488098,"y":0.9069439768791199,"z":-0.043849945068359378,"w":0.418474018573761},"size":1.0413612127304078,"orthographic":false}