{"cameraMode":{"drawMode":0,"name":"Shaded","section":"Shading Mode"},"sceneLighting":false,"audioPlay":false,"sceneViewState":{"showFog":true,"showMaterialUpdate":false,"showSkybox":true,"showFlares":true,"showImageEffects":true,"showParticleSystems":true},"in2DMode":false,"pivot":{"x":0.2832545042037964,"y":0.27373504638671877,"z":-0.19889183342456819},"rotation":{"x":0.009713462553918362,"y":0.7728689908981323,"z":-0.011834857985377312,"w":0.6343809366226196},"size":1.0466042757034302,"orthographic":false}