{"cameraMode":{"drawMode":0,"name":"Shaded","section":"Shading Mode"},"sceneLighting":false,"audioPlay":false,"sceneViewState":{"showFog":true,"showMaterialUpdate":false,"showSkybox":true,"showFlares":true,"showImageEffects":true,"showParticleSystems":true},"in2DMode":false,"pivot":{"x":0.0000019371509552001955,"y":0.2377406656742096,"z":0.029890626668930055},"rotation":{"x":0.03466983512043953,"y":0.9621737003326416,"z":-0.1472056806087494,"w":0.2266061007976532},"size":1.966044306755066,"orthographic":false}