{"cameraMode":{"drawMode":0,"name":"Shaded","section":"Shading Mode"},"sceneLighting":true,"audioPlay":false,"sceneViewState":{"showFog":true,"showMaterialUpdate":false,"showSkybox":true,"showFlares":true,"showImageEffects":true,"showParticleSystems":true},"in2DMode":false,"pivot":{"x":1.089548110961914,"y":0.08702225238084793,"z":-2.334080219268799},"rotation":{"x":-0.0007020434713922441,"y":0.8042925000190735,"z":0.0009512057877145708,"w":0.5942324995994568},"size":2.613898515701294,"orthographic":false}