{"cameraMode":{"drawMode":0,"name":"Shaded","section":"Shading Mode"},"sceneLighting":false,"audioPlay":false,"sceneViewState":{"showFog":true,"showMaterialUpdate":false,"showSkybox":true,"showFlares":true,"showImageEffects":true,"showParticleSystems":true},"in2DMode":false,"pivot":{"x":2.9802322387695315e-8,"y":0.25458580255508425,"z":0.12471330165863037},"rotation":{"x":0.009713462553918362,"y":0.7728689908981323,"z":-0.011834857985377312,"w":0.6343809366226196},"size":2.0314927101135256,"orthographic":false}