{"cameraMode":{"drawMode":0,"name":"Shaded","section":"Shading Mode"},"sceneLighting":false,"audioPlay":false,"sceneViewState":{"showFog":true,"showMaterialUpdate":false,"showSkybox":true,"showFlares":true,"showImageEffects":true,"showParticleSystems":true},"in2DMode":false,"pivot":{"x":2.9802322387695315e-8,"y":0.23862648010253907,"z":0.10134513676166535},"rotation":{"x":0.007485039532184601,"y":0.9917536377906799,"z":-0.10784019529819489,"w":0.06884151697158814},"size":2.0926647186279299,"orthographic":false}