{"cameraMode":{"drawMode":0,"name":"Shaded","section":"Shading Mode"},"sceneLighting":false,"audioPlay":false,"sceneViewState":{"showFog":true,"showMaterialUpdate":false,"showSkybox":true,"showFlares":true,"showImageEffects":true,"showParticleSystems":true},"in2DMode":false,"pivot":{"x":-3.564445734024048,"y":3.5945446491241457,"z":15.844588279724121},"rotation":{"x":0.007485039532184601,"y":0.9917536377906799,"z":-0.10784019529819489,"w":0.06884151697158814},"size":2.159985065460205,"orthographic":false}