{"cameraMode":{"drawMode":0,"name":"Shaded","section":"Shading Mode"},"sceneLighting":true,"audioPlay":false,"sceneViewState":{"showFog":true,"showMaterialUpdate":false,"showSkybox":true,"showFlares":true,"showImageEffects":true,"showParticleSystems":true},"in2DMode":false,"pivot":{"x":-7.651395797729492,"y":-0.3265336751937866,"z":-6.101015090942383},"rotation":{"x":-0.015220524743199349,"y":0.8643240332603455,"z":-0.026205766946077348,"w":-0.5020214915275574},"size":16.722736358642579,"orthographic":false}