{"cameraMode":{"drawMode":0,"name":"Shaded","section":"Shading Mode"},"sceneLighting":true,"audioPlay":false,"sceneViewState":{"showFog":true,"showMaterialUpdate":false,"showSkybox":true,"showFlares":true,"showImageEffects":true,"showParticleSystems":true},"in2DMode":false,"pivot":{"x":-6.032585620880127,"y":0.723783016204834,"z":-4.956766128540039},"rotation":{"x":-0.024550288915634157,"y":0.8136153221130371,"z":-0.0344473272562027,"w":-0.5798627734184265},"size":4.500057697296143,"orthographic":false}